<?xml version="1.0" encoding="UTF-8"?>
<project-private xmlns="http://www.netbeans.org/ns/project-private/1">
    <editor-bookmarks xmlns="http://www.netbeans.org/ns/editor-bookmarks/2" lastBookmarkId="0"/>
    <open-files xmlns="http://www.netbeans.org/ns/projectui-open-files/2">
        <group>
            <file>file:/C:/Users/Martin/Documents/NetBeansProjects/ProyectoSeminarioSiglo21/src/SistemaFerreteria/Proveedores.java</file>
            <file>file:/C:/Users/Martin/Documents/NetBeansProjects/ProyectoSeminarioSiglo21/src/SistemaFerreteria/RegistrarClientes.java</file>
            <file>file:/C:/Users/Martin/Documents/NetBeansProjects/ProyectoSeminarioSiglo21/src/SistemaFerreteria/Modificarproductos.java</file>
            <file>file:/C:/Users/Martin/Documents/NetBeansProjects/ProyectoSeminarioSiglo21/src/SistemaFerreteria/Clientes.java</file>
            <file>file:/C:/Users/Martin/Documents/NetBeansProjects/ProyectoSeminarioSiglo21/src/SistemaFerreteria/EmpleadoVentas.java</file>
            <file>file:/C:/Users/Martin/Documents/NetBeansProjects/ProyectoSeminarioSiglo21/src/SistemaFerreteria/Pagos.java</file>
            <file>file:/C:/Users/Martin/Documents/NetBeansProjects/ProyectoSeminarioSiglo21/src/SistemaFerreteria/VerInformes.java</file>
            <file>file:/C:/Users/Martin/Documents/NetBeansProjects/ProyectoSeminarioSiglo21/src/SistemaFerreteria/InformesClientes.java</file>
            <file>file:/C:/Users/Martin/Documents/NetBeansProjects/ProyectoSeminarioSiglo21/src/SistemaFerreteria/InformesProveedores.java</file>
            <file>file:/C:/Users/Martin/Documents/NetBeansProjects/ProyectoSeminarioSiglo21/src/SistemaFerreteria/InformesVentas.java</file>
            <file>file:/C:/Users/Martin/Documents/NetBeansProjects/ProyectoSeminarioSiglo21/src/SistemaFerreteria/InformesProductos.java</file>
            <file>file:/C:/Users/Martin/Documents/NetBeansProjects/ProyectoSeminarioSiglo21/src/SistemaFerreteria/ModificarInformacion.java</file>
            <file>file:/C:/Users/Martin/Documents/NetBeansProjects/ProyectoSeminarioSiglo21/src/SistemaFerreteria/SistemaFerreteria.java</file>
            <file>file:/C:/Users/Martin/Documents/NetBeansProjects/ProyectoSeminarioSiglo21/src/SistemaFerreteria/RegistrarEmpleadosdeVentas.java</file>
            <file>file:/C:/Users/Martin/Documents/NetBeansProjects/ProyectoSeminarioSiglo21/src/SistemaFerreteria/ModificarClientes.java</file>
            <file>file:/C:/Users/Martin/Documents/NetBeansProjects/ProyectoSeminarioSiglo21/src/SistemaFerreteria/ModificarProveedores.java</file>
            <file>file:/C:/Users/Martin/Documents/NetBeansProjects/ProyectoSeminarioSiglo21/src/SistemaFerreteria/InformesPagos.java</file>
            <file>file:/C:/Users/Martin/Documents/NetBeansProjects/ProyectoSeminarioSiglo21/src/SistemaFerreteria/Encargos.java</file>
            <file>file:/C:/Users/Martin/Documents/NetBeansProjects/ProyectoSeminarioSiglo21/src/SistemaFerreteria/InformesEncargos.java</file>
            <file>file:/C:/Users/Martin/Documents/NetBeansProjects/ProyectoSeminarioSiglo21/src/SistemaFerreteria/RegistrarProveedores.java</file>
            <file>file:/C:/Users/Martin/Documents/NetBeansProjects/ProyectoSeminarioSiglo21/src/SistemaFerreteria/EmpleadoBaseDeDatos.java</file>
            <file>file:/C:/Users/Martin/Documents/NetBeansProjects/ProyectoSeminarioSiglo21/src/SistemaFerreteria/RegistrarInformacion.java</file>
            <file>file:/C:/Users/Martin/Documents/NetBeansProjects/ProyectoSeminarioSiglo21/src/SistemaFerreteria/Productos.java</file>
            <file>file:/C:/Users/Martin/Documents/NetBeansProjects/ProyectoSeminarioSiglo21/src/SistemaFerreteria/RegistrarProductos.java</file>
        </group>
    </open-files>
</project-private>
